Feature,Similarity,Embedding Captured,Concepts,,,,,,,,,,,,,,,,,,,,,,,,,,,,,,,,,,,,,,,,,,,,,,,,,,,,,,,,,,,,,,,,,,,,,,,,,,,,,,,,,,,,,,,,,,,,,,,,,,,,,,,,,,,,,,,,,,,,,,,,,,,,,,,,,,,,,,,,,,,,,,,,,,,,,,,,,,,,,,,,,,,,,,,,,,,,,,,,,,,,,,,,,,,,,,,,,,,,,,,,,,
is_red,low,"no (only wine and maybe cherry are examples where I expect red to be mentioned in the context) – not indicative enough, other things that are usually not red can be red too",tomato,strawberry,rhubarb,apple,radish,cabbage,watermelon,grape,raspberry,grapefruit,onion,nectarine,geranium,currant,crab,jelly,lobster,carnation,cherry,ketchup,robin,squirrel,ladybird,wine,poppy,ant,herring,fox,tongue,hair,lipstick,lips,brick,jam,rose,heart,bus,,,,,,,,,,,,,,,,,,,,,,,,,,,,,,,,,,,,,,,,,,,,,,,,,,,,,,,,,,,,,,,,,,,,,,,,,,,,,,,,,,,,,,,,,,,,,,,,,,,,,,,,,,,,,,,,,,,,,,,,,,,,,,,,,,,,,,,,,,,,,,,,,,,,,,,,,,,,,,,,,,,,,,
is_fast,low,"No, perhaps animals and vehicles and overgeneralizes",fox,squirrel,falcon,lizard,cheetah,panther,tiger,leopard,dragonfly,kingfisher,shark,zebra,deer,hummingbird,kangaroo,bicycle,moped,car,motorcycle,skateboard,helicopter,gerbil,rollerskate,horse,speedboat,van,hawk,skis,sledge,porsche,mouse,train,bullet,ambulance,rocket,,,,,,,,,,,,,,,,,,,,,,,,,,,,,,,,,,,,,,,,,,,,,,,,,,,,,,,,,,,,,,,,,,,,,,,,,,,,,,,,,,,,,,,,,,,,,,,,,,,,,,,,,,,,,,,,,,,,,,,,,,,,,,,,,,,,,,,,,,,,,,,,,,,,,,,,,,,,,,,,,,,,,,,,
is_a_fruit,high,yes,pear,apricot,strawberry,melon,peach,tomato,avocado,blueberry,nectarine,apple,pineapple,grape,raspberry,rhubarb,grapefruit,satsuma,lemon,watermelon,banana,kiwi_fruit,olive,currant,tangerine,raisin,lime,cherry,coconut,sultana,orange,prune,plum,dates,,,,,,,,,,,,,,,,,,,,,,,,,,,,,,,,,,,,,,,,,,,,,,,,,,,,,,,,,,,,,,,,,,,,,,,,,,,,,,,,,,,,,,,,,,,,,,,,,,,,,,,,,,,,,,,,,,,,,,,,,,,,,,,,,,,,,,,,,,,,,,,,,,,,,,,,,,,,,,,,,,,,,,,,,,,
is_long,low,no,broom,screwdriver,sword,scarf,cape,spatula,rope,shawl,trousers,wand,dressing_gown,robe,spear,necklace,crowbar,coat,bayonet,harpoon,courgette,hose,dress,leek,pencil,canoe,arrow,cucumber,tongue,scythe,spade,flute,surfboard,hair,skirt,asparagus,hoe,rifle,kayak,boots,skis,rattlesnake,aubergine,caterpillar,gown,shotgun,centipede,stockings,celery,stick,candle,rhubarb,bat,carrot,cigar,belt,millipede,leg,pen,arm,gherkin,eel,finger,bean,pin,coffin,whip,cloak,clarinet,thermometer,lorry,ladder,houseboat,rake,cigarette,barge,nail,worm,limousine,mop,ruler,train,recorder,bench,chain,coach,,,,,,,,,,,,,,,,,,,,,,,,,,,,,,,,,,,,,,,,,,,,,,,,,,,,,,,,,,,,,,,,,,,,,,,,,,,,,,,,,,,,,,,,,,,,,,,,,,,,,,,,,,,,,,,,,,,,,,,
is_black,low,"no (only stereotypical example is black panther), too sparse for feature, cf other colors",wasp,spider,beetle,scorpion,leopard,cockroach,tarantula,ladybird,skunk,millipede,panther,raccoon,penguin,gorilla,pelican,ant,raven,starling,magpie,housefly,rhino,zebra,hornet,bee,tiger,sheep,mussel,cow,olive,bear,calf,flea,tights,hair,wetsuit,lantern,wand,raisin,bat,gown,stockings,poppy,slug,currant,prune,jeans,piano,cloak,coffee,clarinet,taxi,suit,limousine,football,recorder,newspaper,,,,,,,,,,,,,,,,,,,,,,,,,,,,,,,,,,,,,,,,,,,,,,,,,,,,,,,,,,,,,,,,,,,,,,,,,,,,,,,,,,,,,,,,,,,,,,,,,,,,,,,,,,,,,,,,,,,,,,,,,,,,,,,,,,,,,,,,,,,,,,,,,,,
has_a_point,low,"Yes for weapons and tools, but probably just learns categories. It might learn ‘used for poking/stabbing’ ",spear,arrow,harpoon,bayonet,sword,needle,tweezers,corkscrew,dagger,pencil,trowel,screw,bullet,syringe,fork,pin,hook,nail,crayon,rocket,pyramid,anchor,,,,,,,,,,,,,,,,,,,,,,,,,,,,,,,,,,,,,,,,,,,,,,,,,,,,,,,,,,,,,,,,,,,,,,,,,,,,,,,,,,,,,,,,,,,,,,,,,,,,,,,,,,,,,,,,,,,,,,,,,,,,,,,,,,,,,,,,,,,,,,,,,,,,,,,,,,,,,,,,,,,,,,,,,,,,,,,,,,,,,
does_lay_eggs,low,"possible, but unlikely (only relevant if something is done with the eggs)",frog,turtle,wren,swan,sparrow,tortoise,starling,alligator,raven,penguin,duck,emu,butterfly,ostrich,platypus,eagle,nightingale,chicken,dove,flea,,,,,,,,,,,,,,,,,,,,,,,,,,,,,,,,,,,,,,,,,,,,,,,,,,,,,,,,,,,,,,,,,,,,,,,,,,,,,,,,,,,,,,,,,,,,,,,,,,,,,,,,,,,,,,,,,,,,,,,,,,,,,,,,,,,,,,,,,,,,,,,,,,,,,,,,,,,,,,,,,,,,,,,,,,,,,,,,,,,,,,,
does_live_in_water,high,yes,dolphin,otter,turtle,eel,crocodile,crayfish,shark,frog,alligator,jellyfish,toad,salmon,shrimp,herring,goldfish,tuna,carp,clam,beaver,mackerel,minnow,hippo,duck,flamingo,platypus,seal,,,,,,,,,,,,,,,,,,,,,,,,,,,,,,,,,,,,,,,,,,,,,,,,,,,,,,,,,,,,,,,,,,,,,,,,,,,,,,,,,,,,,,,,,,,,,,,,,,,,,,,,,,,,,,,,,,,,,,,,,,,,,,,,,,,,,,,,,,,,,,,,,,,,,,,,,,,,,,,,,,,,,,,,,,,,,,,,,
is_electric,medium (houshold-things),"Yes – may learn household things and devices, may pick up activities like charging or plugging in), but not enough evidence for eel",toaster,washing_machine,oven,dishwasher,microwave,fridge,blender,projector,kettle,lamp,camera,chainsaw,whisk,guitar,wheelchair,radio,telephone,television,eel,drill,,,,,,,,,,,,,,,,,,,,,,,,,,,,,,,,,,,,,,,,,,,,,,,,,,,,,,,,,,,,,,,,,,,,,,,,,,,,,,,,,,,,,,,,,,,,,,,,,,,,,,,,,,,,,,,,,,,,,,,,,,,,,,,,,,,,,,,,,,,,,,,,,,,,,,,,,,,,,,,,,,,,,,,,,,,,,,,,,,,,,,,
has_eyes,low,"no, learns several animal categories but not the eye feature. We can test this.",frog,lizard,owl,dragonfly,iguana,spider,alligator,snail,squid,whale,cat,tortoise,goldfish,raccoon,chipmunk,crab,tarantula,housefly,sparrow,trout,raven,octopus,magpie,hamster,herring,prawn,minnow,bee,cod,locust,eagle,flounder,guinea_pig,mouse,dove,calf,hawk,doll,potato,slug,pony,seal,,,,,,,,,,,,,,,,,,,,,,,,,,,,,,,,,,,,,,,,,,,,,,,,,,,,,,,,,,,,,,,,,,,,,,,,,,,,,,,,,,,,,,,,,,,,,,,,,,,,,,,,,,,,,,,,,,,,,,,,,,,,,,,,,,,,,,,,,,,,,,,,,,,,,,,,,,,,,,,,,
is_yellow,low,"no, probably overgeneralizes to fruits",melon,apricot,peach,courgette,pineapple,mango,dandelion,banana,nectarine,lemon,marigold,grapefruit,sunflower,daisy,buttercup,daffodil,wasp,bee,cheese,pansy,budgie,corn,locust,hornet,leopard,giraffe,cider,goldfish,plum,beer,butter,cheetah,sandpaper,champagne,lion,canary,pyramid,crane,taxi,,,,,,,,,,,,,,,,,,,,,,,,,,,,,,,,,,,,,,,,,,,,,,,,,,,,,,,,,,,,,,,,,,,,,,,,,,,,,,,,,,,,,,,,,,,,,,,,,,,,,,,,,,,,,,,,,,,,,,,,,,,,,,,,,,,,,,,,,,,,,,,,,,,,,,,,,,,,,,,,,,,,
is_warm,low,"Yes, used in similar situations, but might overgeneralize to clothes",scarf,sweater,jacket,robe,parka,coat,tights,shawl,cape,dressing_gown,slippers,mittens,stockings,sock,gloves,boots,earmuffs,cloak,bed,soup,coffee,,,,,,,,,,,,,,,,,,,,,,,,,,,,,,,,,,,,,,,,,,,,,,,,,,,,,,,,,,,,,,,,,,,,,,,,,,,,,,,,,,,,,,,,,,,,,,,,,,,,,,,,,,,,,,,,,,,,,,,,,,,,,,,,,,,,,,,,,,,,,,,,,,,,,,,,,,,,,,,,,,,,,,,,,,,,,,,,,,,,,,
is_hard,low,"no, probably overgeneralizes to most prominent categories (fruit, tool)",melon,pear,marble,stone,turnip,seashell,coconut,brick,thimble,nut,bat,oyster,hammer,nail,chestnut,helmet,bullet,rock,shield,football,desk,bench,club,,,,,,,,,,,,,,,,,,,,,,,,,,,,,,,,,,,,,,,,,,,,,,,,,,,,,,,,,,,,,,,,,,,,,,,,,,,,,,,,,,,,,,,,,,,,,,,,,,,,,,,,,,,,,,,,,,,,,,,,,,,,,,,,,,,,,,,,,,,,,,,,,,,,,,,,,,,,,,,,,,,,,,,,,,,,,,,,,,,,
has_flesh,medium (high for fruits),"no, probably learns fruit",melon,pear,tomato,pineapple,peach,avocado,watermelon,cucumber,grapefruit,nectarine,satsuma,pumpkin,kiwi_fruit,coconut,lime,cherry,plum,salmon,leg,finger,arm,toe,,,,,,,,,,,,,,,,,,,,,,,,,,,,,,,,,,,,,,,,,,,,,,,,,,,,,,,,,,,,,,,,,,,,,,,,,,,,,,,,,,,,,,,,,,,,,,,,,,,,,,,,,,,,,,,,,,,,,,,,,,,,,,,,,,,,,,,,,,,,,,,,,,,,,,,,,,,,,,,,,,,,,,,,,,,,,,,,,,,,,
is_useful,low,"no, probably learns ‘tool’",screwdriver,spoon,tray,sellotape,tweezers,scissors,pliers,toaster,tongs,pencil,penknife,shovel,bag,wheelbarrow,washing_machine,tripod,napkin,peeler,chisel,satchel,chainsaw,cupboard,toilet,bookcase,dishwasher,screw,thimble,wallet,cart,corkscrew,fork,pen,bin,needle,spade,knickers,spanner,thermometer,glue,hammer,kettle,mug,button,cup,desk,microwave,thumb,box,projector,pin,wheelchair,car,ladder,mirror,belt,arm,whisk,dictionary,nail,basket,peg,mop,clock,taxi,buckle,umbrella,ruler,drill,encyclopaedia,watch,telephone,,,,,,,,,,,,,,,,,,,,,,,,,,,,,,,,,,,,,,,,,,,,,,,,,,,,,,,,,,,,,,,,,,,,,,,,,,,,,,,,,,,,,,,,,,,,,,,,,,,,,,,,,,,,,,,,,,,,,,,,,,,,,,,,,,,,
has_teeth,medium,no,rabbit,tiger,crocodile,fox,alligator,panther,leopard,hippo,hyena,wolf,cheetah,beaver,dog,chipmunk,shark,rat,lion,hamster,gerbil,walrus,bear,chainsaw,bat,pliers,comb,saw,key,,,,,,,,,,,,,,,,,,,,,,,,,,,,,,,,,,,,,,,,,,,,,,,,,,,,,,,,,,,,,,,,,,,,,,,,,,,,,,,,,,,,,,,,,,,,,,,,,,,,,,,,,,,,,,,,,,,,,,,,,,,,,,,,,,,,,,,,,,,,,,,,,,,,,,,,,,,,,,,,,,,,,,,,,,,,,,,,
has_an_engine,medium,"No, probably learns vehicle",boat,speedboat,truck,van,car,jeep,tractor,tugboat,houseboat,ferry,motorcycle,barge,helicopter,moped,ship,train,chainsaw,porsche,rocket,rolls_royce,coach,,,,,,,,,,,,,,,,,,,,,,,,,,,,,,,,,,,,,,,,,,,,,,,,,,,,,,,,,,,,,,,,,,,,,,,,,,,,,,,,,,,,,,,,,,,,,,,,,,,,,,,,,,,,,,,,,,,,,,,,,,,,,,,,,,,,,,,,,,,,,,,,,,,,,,,,,,,,,,,,,,,,,,,,,,,,,,,,,,,,,,
is_played_does_play,high,"yes, learns musical instruments",trombone,piano,saxophone,flute,clarinet,violin,cello,guitar,harmonica,tuba,banjo,trumpet,harpsichord,french_horn,harp,tambourine,accordion,bagpipes,cymbal,drum,organ,recorder,,,,,,,,,,,,,,,,,,,,,,,,,,,,,,,,,,,,,,,,,,,,,,,,,,,,,,,,,,,,,,,,,,,,,,,,,,,,,,,,,,,,,,,,,,,,,,,,,,,,,,,,,,,,,,,,,,,,,,,,,,,,,,,,,,,,,,,,,,,,,,,,,,,,,,,,,,,,,,,,,,,,,,,,,,,,,,,,,,,,,
made_of_wood,low,no,broom,spoon,rocking_chair,trowel,tambourine,dresser,bookcase,wheelbarrow,canoe,shovel,doorknob,piano,banjo,spatula,guitar,tray,wand,bayonet,chisel,ladle,harpoon,tongs,violin,pencil,spade,surfboard,spear,machete,skis,sledge,willow,kayak,boat,cart,kite,stool,arrow,bucket,hutch,corkscrew,harp,shotgun,rifle,scythe,cello,skateboard,birch,hoe,crossbow,harpsichord,oak,deckchair,bow,bat,hammer,clarinet,accordion,cupboard,bed,pine,cork,pipe,drum,stick,bellows,castle,houseboat,brush,carriage,coffin,bagpipes,barge,desk,ladder,wheel,window,boomerang,sycamore,hatchet,table,chair,rake,armchair,cradle,tugboat,button,fir,dice,elm,peg,box,fence,comb,puppet,yacht,gate,ship,swing,organ,yoyo,barrel,whistle,catapault,raft,rattle,bridge,recorder,bench,throne,shield,mop,ruler,clock,club,saw,,,,,,,,,,,,,,,,,,,,,,,,,,,,,,,,,,,,,,,,,,,,,,,,,,,,,,,,,,,,,,,,,,,,,,,,,,,,,,,,,,,,,,,,
is_grown,low,"no, probably overgeneralizes on food and possibly plants ",cabbage,tomato,radish,rhubarb,parsley,artichoke,potato,courgette,sweet_potato,peas,leek,bean,marigold,turnip,geranium,raspberry,tulip,olive,corn,orchid,rice,poppy,pansy,nut,,,,,,,,,,,,,,,,,,,,,,,,,,,,,,,,,,,,,,,,,,,,,,,,,,,,,,,,,,,,,,,,,,,,,,,,,,,,,,,,,,,,,,,,,,,,,,,,,,,,,,,,,,,,,,,,,,,,,,,,,,,,,,,,,,,,,,,,,,,,,,,,,,,,,,,,,,,,,,,,,,,,,,,,,,,,,,,,,,,
does_eat,high,"no, learns animals",lizard,squirrel,frog,rabbit,toad,otter,owl,fox,falcon,iguana,robin,crocodile,heron,tortoise,monkey,cat,buzzard,spider,pelican,giraffe,alligator,rhino,gorilla,pigeon,flamingo,penguin,elephant,chipmunk,tiger,hummingbird,wren,dolphin,woodpecker,hedgehog,pig,sparrow,beetle,seagull,kingfisher,whale,hyena,caterpillar,cheetah,raven,wolf,snail,starling,moose,rat,budgie,moth,zebra,tarantula,llama,ladybird,goat,buffalo,shark,millipede,ant,duck,platypus,eel,squid,cockerel,walrus,sheep,cow,gerbil,centipede,lion,locust,butterfly,eagle,turkey,chicken,lamb,guinea_pig,worm,bear,hawk,horse,termite,mouse,canary,crane,bat,slug,seal,lips,,,,,,,,,,,,,,,,,,,,,,,,,,,,,,,,,,,,,,,,,,,,,,,,,,,,,,,,,,,,,,,,,,,,,,,,,,,,,,,,,,,,,,,,,,,,,,,,,,,,,,,,,,,,,,,,,
is_healthy,high,"no, learns vegetables",celery,asparagus,broccoli,lettuce,cabbage,cucumber,pear,spinach,avocado,peas,grapefruit,apple,kiwi_fruit,grape,banana,bean,peach,leek,soup,yoghurt,carrot,milk,orange,nut,dates,,,,,,,,,,,,,,,,,,,,,,,,,,,,,,,,,,,,,,,,,,,,,,,,,,,,,,,,,,,,,,,,,,,,,,,,,,,,,,,,,,,,,,,,,,,,,,,,,,,,,,,,,,,,,,,,,,,,,,,,,,,,,,,,,,,,,,,,,,,,,,,,,,,,,,,,,,,,,,,,,,,,,,,,,,,,,,,,,,
has_wings,medium,"No, most likely learns bird and insect categories ",owl,robin,heron,dragonfly,falcon,sparrow,wren,starling,kingfisher,buzzard,hummingbird,pelican,pigeon,wasp,seagull,moth,woodpecker,swan,raven,flamingo,beetle,magpie,ladybird,goose,grasshopper,budgie,housefly,duck,hornet,cockerel,cockroach,parakeet,penguin,partridge,butterfly,mosquito,nightingale,bee,emu,locust,eagle,turkey,ostrich,hawk,chicken,dove,glider,canary,bat,crane,cricket,,,,,,,,,,,,,,,,,,,,,,,,,,,,,,,,,,,,,,,,,,,,,,,,,,,,,,,,,,,,,,,,,,,,,,,,,,,,,,,,,,,,,,,,,,,,,,,,,,,,,,,,,,,,,,,,,,,,,,,,,,,,,,,,,,,,,,,,,,,,,,,,,,,,,,,,
does_kill,low,yes,pistol,rifle,gun,machete,shotgun,sword,bullet,revolver,arrow,bayonet,grenade,harpoon,spear,scorpion,rattlesnake,dagger,shark,tiger,bow,bomb,poison,jellyfish,club,,,,,,,,,,,,,,,,,,,,,,,,,,,,,,,,,,,,,,,,,,,,,,,,,,,,,,,,,,,,,,,,,,,,,,,,,,,,,,,,,,,,,,,,,,,,,,,,,,,,,,,,,,,,,,,,,,,,,,,,,,,,,,,,,,,,,,,,,,,,,,,,,,,,,,,,,,,,,,,,,,,,,,,,,,,,,,,,,,,,
is_juicy,high,"no, learns fruit. Banana would probably also be classified as positive",strawberry,pear,melon,peach,tomato,mango,blueberry,nectarine,grapefruit,apple,pineapple,grape,raspberry,watermelon,satsuma,lemon,kiwi_fruit,tangerine,lime,orange,plum,,,,,,,,,,,,,,,,,,,,,,,,,,,,,,,,,,,,,,,,,,,,,,,,,,,,,,,,,,,,,,,,,,,,,,,,,,,,,,,,,,,,,,,,,,,,,,,,,,,,,,,,,,,,,,,,,,,,,,,,,,,,,,,,,,,,,,,,,,,,,,,,,,,,,,,,,,,,,,,,,,,,,,,,,,,,,,,,,,,,,,
is_colourful,low,no,orchid,lily,dragonfly,geranium,tulip,hummingbird,kingfisher,marigold,carnation,peacock,seashell,butterfly,budgie,sunflower,kite,cockerel,parakeet,crayon,jelly,scarf,pansy,woodpecker,nail_polish,leotard,bikini,bouquet,lipstick,skirt,deckchair,frisbee,balloon,greeting_card,marble,flip_flops,rattle,cushion,jam,,,,,,,,,,,,,,,,,,,,,,,,,,,,,,,,,,,,,,,,,,,,,,,,,,,,,,,,,,,,,,,,,,,,,,,,,,,,,,,,,,,,,,,,,,,,,,,,,,,,,,,,,,,,,,,,,,,,,,,,,,,,,,,,,,,,,,,,,,,,,,,,,,,,,,,,,,,,,,,,,,,,,,
has_skin_peel,high,"no, but things that are frequently peeled (peel, remove skin)",pear,melon,tomato,mango,apricot,avocado,peach,cucumber,pineapple,apple,sweet_potato,onion,nectarine,potato,grapefruit,watermelon,courgette,lemon,satsuma,grape,banana,garlic,kiwi_fruit,pumpkin,aubergine,tangerine,lime,cherry,gherkin,carrot,orange,prune,plum,,,,,,,,,,,,,,,,,,,,,,,,,,,,,,,,,,,,,,,,,,,,,,,,,,,,,,,,,,,,,,,,,,,,,,,,,,,,,,,,,,,,,,,,,,,,,,,,,,,,,,,,,,,,,,,,,,,,,,,,,,,,,,,,,,,,,,,,,,,,,,,,,,,,,,,,,,,,,,,,,,,,,,,,,,
does_grow,medium (probably high for food – majority of concepts),"No, probably learns a plant category, there is only one other concept (hair). ",asparagus,pear,tomato,strawberry,apricot,rhubarb,cabbage,cauliflower,melon,radish,peach,blueberry,mango,avocado,broccoli,apple,sweet_potato,potato,courgette,grape,pineapple,onion,satsuma,nectarine,lettuce,marigold,dandelion,garlic,raspberry,pumpkin,bean,brussel_sprouts,peas,fern,olive,banana,sunflower,lemon,geranium,spinach,mushroom,turnip,daffodil,lily,moss,aubergine,buttercup,tulip,orchid,tangerine,daisy,hyacinth,lime,coconut,oak,pine,seaweed,birch,cherry,corn,rice,sycamore,chestnut,elm,willow,fir,carrot,pansy,orange,poppy,plum,nut,hair,rose,dates,,,,,,,,,,,,,,,,,,,,,,,,,,,,,,,,,,,,,,,,,,,,,,,,,,,,,,,,,,,,,,,,,,,,,,,,,,,,,,,,,,,,,,,,,,,,,,,,,,,,,,,,,,,,,,,,,,,,,,,,,,,,,,,,
has_skin,medium (probably works for some animals),no,frog,lizard,turtle,toad,tortoise,crocodile,iguana,rhino,elephant,hippo,calf,ear,leg,nose,finger,thumb,toe,arm,lips,foot,tambourine,seal,drum,,,,,,,,,,,,,,,,,,,,,,,,,,,,,,,,,,,,,,,,,,,,,,,,,,,,,,,,,,,,,,,,,,,,,,,,,,,,,,,,,,,,,,,,,,,,,,,,,,,,,,,,,,,,,,,,,,,,,,,,,,,,,,,,,,,,,,,,,,,,,,,,,,,,,,,,,,,,,,,,,,,,,,,,,,,,,,,,,,,,
is_noisy_loud,low,no ,piano,trombone,tuba,tambourine,saxophone,cymbal,trumpet,bagpipes,chainsaw,french_horn,accordion,cannon,drum,tractor,typewriter,moped,shotgun,truck,monkey,washing_machine,seagull,cockerel,speedboat,woodpecker,organ,motorcycle,grasshopper,bell,gun,whistle,helicopter,parakeet,peacock,gong,dishwasher,train,blender,rattle,ambulance,radio,rocket,canary,drill,cricket,,,,,,,,,,,,,,,,,,,,,,,,,,,,,,,,,,,,,,,,,,,,,,,,,,,,,,,,,,,,,,,,,,,,,,,,,,,,,,,,,,,,,,,,,,,,,,,,,,,,,,,,,,,,,,,,,,,,,,,,,,,,,,,,,,,,,,,,,,,,,,,,,,,,,,,,,,,,,,,
is_for_children,low,no,doll,kite,rollerskate,skateboard,tambourine,crayon,balloon,tricycle,sledge,puppet,jelly,mittens,yoyo,satchel,ball,guinea_pig,catapault,swing,rattle,marble,recorder,,,,,,,,,,,,,,,,,,,,,,,,,,,,,,,,,,,,,,,,,,,,,,,,,,,,,,,,,,,,,,,,,,,,,,,,,,,,,,,,,,,,,,,,,,,,,,,,,,,,,,,,,,,,,,,,,,,,,,,,,,,,,,,,,,,,,,,,,,,,,,,,,,,,,,,,,,,,,,,,,,,,,,,,,,,,,,,,,,,,,,
does_make_music,high,yes (this is a defining feature of a category),trombone,piano,clarinet,saxophone,flute,violin,cello,tuba,harmonica,guitar,banjo,trumpet,harpsichord,french_horn,harp,accordion,bagpipes,organ,drum,recorder,,,,,,,,,,,,,,,,,,,,,,,,,,,,,,,,,,,,,,,,,,,,,,,,,,,,,,,,,,,,,,,,,,,,,,,,,,,,,,,,,,,,,,,,,,,,,,,,,,,,,,,,,,,,,,,,,,,,,,,,,,,,,,,,,,,,,,,,,,,,,,,,,,,,,,,,,,,,,,,,,,,,,,,,,,,,,,,,,,,,,,,
does_protect,medium (probably works for clothes),"no (things to be protected from are too diverse, expressions used to indicate this are too diverse)",jacket,gloves,goggles,boots,shoes,sandals,coat,helmet,wetsuit,apron,mask,flip_flops,earmuffs,thimble,seashell,mat,napkin,tent,cap,umbrella,shield,fence,castle,swan,,,,,,,,,,,,,,,,,,,,,,,,,,,,,,,,,,,,,,,,,,,,,,,,,,,,,,,,,,,,,,,,,,,,,,,,,,,,,,,,,,,,,,,,,,,,,,,,,,,,,,,,,,,,,,,,,,,,,,,,,,,,,,,,,,,,,,,,,,,,,,,,,,,,,,,,,,,,,,,,,,,,,,,,,,,,,,,,,,,
made_of_glass,low,"Yes, possibly for things that tend to break, need to be handled carefully, shouldn’t be dropped. I expect that things with a glass component but other, more important features (tv, oven, microscope) would not be recognized",jar,jug,chandelier,bottle,ashtray,oven,lantern,cup,projector,thermometer,mirror,camera,window,table,marble,bowl,microscope,watch,television,,,,,,,,,,,,,,,,,,,,,,,,,,,,,,,,,,,,,,,,,,,,,,,,,,,,,,,,,,,,,,,,,,,,,,,,,,,,,,,,,,,,,,,,,,,,,,,,,,,,,,,,,,,,,,,,,,,,,,,,,,,,,,,,,,,,,,,,,,,,,,,,,,,,,,,,,,,,,,,,,,,,,,,,,,,,,,,,,,,,,,,,
has_leaves,high (plants),No (plant category may be learned),rhubarb,cabbage,radish,fern,dandelion,parsley,marigold,celery,cauliflower,strawberry,geranium,artichoke,lily,moss,leek,daffodil,buttercup,lettuce,orchid,daisy,tulip,sunflower,eucalyptus,hyacinth,brussel_sprouts,pineapple,turnip,sycamore,birch,oak,carnation,pine,spinach,elm,willow,pansy,fir,poppy,carrot,tea,tobacco,rose,,,,,,,,,,,,,,,,,,,,,,,,,,,,,,,,,,,,,,,,,,,,,,,,,,,,,,,,,,,,,,,,,,,,,,,,,,,,,,,,,,,,,,,,,,,,,,,,,,,,,,,,,,,,,,,,,,,,,,,,,,,,,,,,,,,,,,,,,,,,,,,,,,,,,,,,,,,,,,,,,
has_feathers,"high (birds), low for pillow, cushion and arrow, probably low for crane (polysemy)","No, probably learns bird category (other examples are too infrequent and the functions of feathers vary (filling for cushion, decoration, etc)",heron,owl,robin,falcon,wren,kingfisher,sparrow,pelican,buzzard,swan,seagull,raven,pigeon,hummingbird,goose,starling,flamingo,peacock,woodpecker,magpie,budgie,partridge,cockerel,duck,parakeet,penguin,eagle,nightingale,emu,turkey,ostrich,hawk,chicken,dove,canary,arrow,crane,pillow,cushion,,,,,,,,,,,,,,,,,,,,,,,,,,,,,,,,,,,,,,,,,,,,,,,,,,,,,,,,,,,,,,,,,,,,,,,,,,,,,,,,,,,,,,,,,,,,,,,,,,,,,,,,,,,,,,,,,,,,,,,,,,,,,,,,,,,,,,,,,,,,,,,,,,,,,,,,,,,,,,,,,,,,
is_for_women_females_girls,Medium (probably high for clothes),No,blouse,dress,bra,knickers,trousers,bikini,tights,leotard,skirt,necklace,shawl,swimsuit,stockings,lipstick,nail_polish,veil,bracelet,perfume,bouquet,ring,,,,,,,,,,,,,,,,,,,,,,,,,,,,,,,,,,,,,,,,,,,,,,,,,,,,,,,,,,,,,,,,,,,,,,,,,,,,,,,,,,,,,,,,,,,,,,,,,,,,,,,,,,,,,,,,,,,,,,,,,,,,,,,,,,,,,,,,,,,,,,,,,,,,,,,,,,,,,,,,,,,,,,,,,,,,,,,,,,,,,,,
has_a_handle_handles,Medium (tools),"No, most of these items have specific functions/are tied to specific contexts. If they share an aspect, then it would be tool or tool-like, not having a handle",screwdriver,knife,spoon,broom,penknife,spatula,tongs,scissors,shovel,jug,machete,chainsaw,trowel,ladle,sword,pliers,tray,chisel,wheelbarrow,strainer,colander,peeler,doorknob,razor,spear,spade,bag,bucket,scalpel,fork,shotgun,corkscrew,satchel,hammer,scythe,grater,hoe,rifle,gun,hatchet,dagger,cupboard,revolver,lantern,toilet,bat,spanner,brush,pram,cup,mug,kettle,comb,rake,buggy,whisk,cymbal,trolley,bellows,whip,wheelchair,mop,basket,gate,shield,rattle,bell,umbrella,drill,saw,club,,,,,,,,,,,,,,,,,,,,,,,,,,,,,,,,,,,,,,,,,,,,,,,,,,,,,,,,,,,,,,,,,,,,,,,,,,,,,,,,,,,,,,,,,,,,,,,,,,,,,,,,,,,,,,,,,,,,,,,,,,,,,,,,,,,,
has_legs,Medium (high for animals),"No, probably learns animal category",rabbit,lizard,frog,toad,otter,turtle,fox,crocodile,iguana,monkey,alligator,cat,giraffe,spider,tortoise,porcupine,robin,dragonfly,panther,pig,raccoon,pelican,heron,flamingo,elephant,gorilla,rhino,wasp,hippo,leopard,cockroach,tarantula,zebra,tiger,hedgehog,grasshopper,scorpion,skunk,llama,moose,beetle,caterpillar,hyena,goose,wolf,seagull,cheetah,wren,buffalo,emu,sparrow,housefly,moth,ladybird,ant,dog,kingfisher,kangaroo,deer,raven,millipede,hamster,magpie,sheep,donkey,ostrich,crayfish,centipede,cow,squid,crab,turkey,mosquito,hornet,bee,chicken,locust,lamb,lion,lobster,partridge,butterfly,camel,octopus,prawn,guinea_pig,shrimp,horse,ox,calf,doll,mouse,termite,flea,pony,crane,rocking_chair,deckchair,stool,wetsuit,tripod,tights,bed,trousers,armchair,desk,cricket,jeans,chair,throne,table,bench,,,,,,,,,,,,,,,,,,,,,,,,,,,,,,,,,,,,,,,,,,,,,,,,,,,,,,,,,,,,,,,,,,,,,,,,,,,,,,,,,,,,,,,,,,,
has_wheels,High,"Yes, vehicles that have wheels interact differently with the world than others (they usually use streets/highways, have wheel-specific problems (e.g. flat tires). We could test this. ",van,bicycle,truck,car,moped,bus,tricycle,tractor,jeep,trolley,cart,lorry,motorcycle,taxi,buggy,wheelbarrow,pram,wheelchair,caravan,train,limousine,skateboard,carriage,unicycle,ambulance,rollerskate,porsche,cannon,rolls_royce,coach,,,,,,,,,,,,,,,,,,,,,,,,,,,,,,,,,,,,,,,,,,,,,,,,,,,,,,,,,,,,,,,,,,,,,,,,,,,,,,,,,,,,,,,,,,,,,,,,,,,,,,,,,,,,,,,,,,,,,,,,,,,,,,,,,,,,,,,,,,,,,,,,,,,,,,,,,,,,,,,,,,,,,,,,,,,,,
is_a_mammal,"High, but high n will include false negatives","Yes, may learn to distinguish animals based on habitat and activities (laying eggs, swimming). Not completely true but better than nn ",rabbit,squirrel,cat,elephant,giraffe,rhino,goat,fox,monkey,otter,tiger,llama,gorilla,wolf,hippo,zebra,pig,panther,moose,dog,porcupine,leopard,cheetah,hyena,raccoon,beaver,buffalo,donkey,sheep,cow,kangaroo,deer,chipmunk,rat,whale,dolphin,hedgehog,skunk,hamster,lion,camel,gerbil,walrus,platypus,horse,bear,guinea_pig,lamb,calf,ox,pony,mouse,bat,seal,,,,,,,,,,,,,,,,,,,,,,,,,,,,,,,,,,,,,,,,,,,,,,,,,,,,,,,,,,,,,,,,,,,,,,,,,,,,,,,,,,,,,,,,,,,,,,,,,,,,,,,,,,,,,,,,,,,,,,,,,,,,,,,,,,,,,,,,,,,,,,,,,,,,,
is_soft,Low,No,melon,courgette,peach,avocado,banana,tomato,mango,nectarine,kiwi_fruit,pillow,moss,scallop,dressing_gown,flannel,sofa,cake,rabbit,slippers,bed,bread,jellyfish,pencil,lips,armchair,earmuffs,cushion,,,,,,,,,,,,,,,,,,,,,,,,,,,,,,,,,,,,,,,,,,,,,,,,,,,,,,,,,,,,,,,,,,,,,,,,,,,,,,,,,,,,,,,,,,,,,,,,,,,,,,,,,,,,,,,,,,,,,,,,,,,,,,,,,,,,,,,,,,,,,,,,,,,,,,,,,,,,,,,,,,,,,,,,,,,,,,,,,
has_a_beak,High,no,heron,owl,robin,falcon,wren,kingfisher,sparrow,pelican,buzzard,swan,seagull,raven,pigeon,starling,hummingbird,goose,flamingo,woodpecker,peacock,magpie,budgie,partridge,cockerel,duck,penguin,parakeet,nightingale,emu,eagle,turkey,platypus,ostrich,hawk,chicken,dove,canary,crane,,,,,,,,,,,,,,,,,,,,,,,,,,,,,,,,,,,,,,,,,,,,,,,,,,,,,,,,,,,,,,,,,,,,,,,,,,,,,,,,,,,,,,,,,,,,,,,,,,,,,,,,,,,,,,,,,,,,,,,,,,,,,,,,,,,,,,,,,,,,,,,,,,,,,,,,,,,,,,,,,,,,,,
is_food,High,yes,potato,sweet_potato,cheese,shrimp,soup,lobster,spinach,artichoke,mayonnaise,crab,bacon,biscuit,bean,scallop,chocolate,sandwich,rice,ice_cream,mushroom,peanut,bread,ham,yoghurt,jelly,oyster,mussel,pie,gherkin,corn,butter,sardine,olive,currant,nut,,,,,,,,,,,,,,,,,,,,,,,,,,,,,,,,,,,,,,,,,,,,,,,,,,,,,,,,,,,,,,,,,,,,,,,,,,,,,,,,,,,,,,,,,,,,,,,,,,,,,,,,,,,,,,,,,,,,,,,,,,,,,,,,,,,,,,,,,,,,,,,,,,,,,,,,,,,,,,,,,,,,,,,,,
does_make_sound_a_noise,Medium (instruments),no,flute,trombone,saxophone,clarinet,harmonica,tuba,violin,guitar,banjo,trumpet,harp,french_horn,harpsichord,tambourine,accordion,bagpipes,cymbal,drum,organ,whistle,seashell,woodpecker,bell,recorder,hummingbird,gong,grasshopper,radio,,,,,,,,,,,,,,,,,,,,,,,,,,,,,,,,,,,,,,,,,,,,,,,,,,,,,,,,,,,,,,,,,,,,,,,,,,,,,,,,,,,,,,,,,,,,,,,,,,,,,,,,,,,,,,,,,,,,,,,,,,,,,,,,,,,,,,,,,,,,,,,,,,,,,,,,,,,,,,,,,,,,,,,,,,,,,,,
is_clothing,yes ,yes,scarf,sweater,jacket,blouse,dress,trousers,tights,robe,shirt,jeans,knickers,leotard,cape,bra,gown,parka,coat,shawl,skirt,dressing_gown,bikini,wetsuit,sock,stockings,swimsuit,veil,apron,gloves,earmuffs,mittens,cloak,belt,suit,cap,,,,,,,,,,,,,,,,,,,,,,,,,,,,,,,,,,,,,,,,,,,,,,,,,,,,,,,,,,,,,,,,,,,,,,,,,,,,,,,,,,,,,,,,,,,,,,,,,,,,,,,,,,,,,,,,,,,,,,,,,,,,,,,,,,,,,,,,,,,,,,,,,,,,,,,,,,,,,,,,,,,,,,,,,
is_a_musical_instrument,"High, but may also incldue things associated with music – e.g. conductor, orchestra (not in the data)","Yes, test f it can distinguish from conductor, orchestra (would have to be added)",trombone,piano,flute,saxophone,clarinet,violin,cello,harmonica,guitar,tuba,banjo,trumpet,harpsichord,french_horn,harp,tambourine,accordion,bagpipes,cymbal,drum,organ,whistle,recorder,bell,gong,,,,,,,,,,,,,,,,,,,,,,,,,,,,,,,,,,,,,,,,,,,,,,,,,,,,,,,,,,,,,,,,,,,,,,,,,,,,,,,,,,,,,,,,,,,,,,,,,,,,,,,,,,,,,,,,,,,,,,,,,,,,,,,,,,,,,,,,,,,,,,,,,,,,,,,,,,,,,,,,,,,,,,,,,,,,,,,,,,
is_heavy,Low,No,crowbar,shovel,ashtray,chainsaw,typewriter,bookcase,sword,cannon,cart,spade,crane,shotgun,truck,stone,washing_machine,lorry,hammer,piano,elephant,coffin,hatchet,brick,hippo,rhino,tuba,dictionary,rock,armchair,barrel,gong,tank,throne,walrus,encyclopaedia,shield,textbook,club,chain,anchor,,,,,,,,,,,,,,,,,,,,,,,,,,,,,,,,,,,,,,,,,,,,,,,,,,,,,,,,,,,,,,,,,,,,,,,,,,,,,,,,,,,,,,,,,,,,,,,,,,,,,,,,,,,,,,,,,,,,,,,,,,,,,,,,,,,,,,,,,,,,,,,,,,,,,,,,,,,,,,,,,,,,
is_an_animal,High,yes,rabbit,lizard,frog,otter,squirrel,toad,turtle,fox,crocodile,alligator,iguana,cat,monkey,tortoise,panther,pig,giraffe,pelican,raccoon,buzzard,elephant,rhino,hippo,dolphin,rattlesnake,porcupine,tiger,beaver,gorilla,spider,whale,robin,seahorse,moose,flamingo,goat,zebra,wolf,leopard,pigeon,llama,hedgehog,emu,buffalo,goose,chipmunk,skunk,rat,hyena,shark,cheetah,dog,scorpion,deer,beetle,grasshopper,kangaroo,woodpecker,sparrow,crayfish,eel,kingfisher,ant,squid,cow,sheep,millipede,hamster,jellyfish,ostrich,donkey,crab,magpie,platypus,walrus,parakeet,mussel,cockerel,gerbil,lion,lobster,centipede,chicken,turkey,bee,octopus,lamb,shrimp,prawn,butterfly,guinea_pig,camel,bear,ox,horse,clam,oyster,calf,worm,termite,mouse,flea,pony,crane,canary,puppet,slug,bat,seal,,,,,,,,,,,,,,,,,,,,,,,,,,,,,,,,,,,,,,,,,,,,,,,,,,,,,,,,,,,,,,,,,,,,,,,,,,,,,,,,,,,,,,,,,,,,,,
does_swim,"Yes, but probably simply return animals somehow associated with water","Yes, possibly better than nearest neighbors. We can test this.",dolphin,whale,otter,squid,turtle,eel,shark,salmon,herring,jellyfish,crocodile,pelican,frog,trout,seahorse,shrimp,tuna,cod,toad,alligator,prawn,goldfish,mackerel,penguin,swan,carp,beaver,walrus,minnow,flounder,octopus,hippo,duck,goose,sardine,platypus,seal,,,,,,,,,,,,,,,,,,,,,,,,,,,,,,,,,,,,,,,,,,,,,,,,,,,,,,,,,,,,,,,,,,,,,,,,,,,,,,,,,,,,,,,,,,,,,,,,,,,,,,,,,,,,,,,,,,,,,,,,,,,,,,,,,,,,,,,,,,,,,,,,,,,,,,,,,,,,,,,,,,,,,,
does_carry_transport,Medium to high ,Yes,truck,boat,van,bus,trolley,lorry,ferry,canoe,cart,taxi,car,barge,buggy,wheelbarrow,dinghy,train,carriage,helicopter,pram,ambulance,limousine,donkey,ship,camel,horse,submarine,bridge,bucket,raft,rolls_royce,ant,coach,,,,,,,,,,,,,,,,,,,,,,,,,,,,,,,,,,,,,,,,,,,,,,,,,,,,,,,,,,,,,,,,,,,,,,,,,,,,,,,,,,,,,,,,,,,,,,,,,,,,,,,,,,,,,,,,,,,,,,,,,,,,,,,,,,,,,,,,,,,,,,,,,,,,,,,,,,,,,,,,,,,,,,,,,,,
is_a_tool,High,yes,screwdriver,scissors,crowbar,chainsaw,penknife,pliers,machete,chisel,trowel,shovel,scalpel,tweezers,spatula,peeler,hammer,spade,hoe,scythe,harpoon,hatchet,corkscrew,syringe,typewriter,pen,spanner,crayon,rake,thermometer,bellows,mop,drill,clamp,saw,,,,,,,,,,,,,,,,,,,,,,,,,,,,,,,,,,,,,,,,,,,,,,,,,,,,,,,,,,,,,,,,,,,,,,,,,,,,,,,,,,,,,,,,,,,,,,,,,,,,,,,,,,,,,,,,,,,,,,,,,,,,,,,,,,,,,,,,,,,,,,,,,,,,,,,,,,,,,,,,,,,,,,,,,,
is_white,Low,No,radish,cauliflower,garlic,lamb,potato,onion,leek,mayonnaise,dandelion,skunk,chocolate,lily,flour,pelican,heron,goose,coconut,turnip,yoghurt,milk,owl,llama,bread,rice,cow,swan,seagull,raccoon,daisy,scallop,fridge,sheep,carnation,porcupine,penguin,zebra,pillow,rhino,magpie,cod,sugar,wine,bath,napkin,calf,washing_machine,toilet,candle,dishwasher,aspirin,ibuprofen,wand,glue,cigarette,codeine,dove,van,dice,basin,ambulance,sink,envelope,veil,limousine,newspaper,rose,football,,,,,,,,,,,,,,,,,,,,,,,,,,,,,,,,,,,,,,,,,,,,,,,,,,,,,,,,,,,,,,,,,,,,,,,,,,,,,,,,,,,,,,,,,,,,,,,,,,,,,,,,,,,,,,,,,,,,,,,,,,,,,,,,,,,,,,,,
is_circular_round,Low,No,melon,watermelon,apple,pumpkin,peach,satsuma,radish,tomato,potato,cabbage,onion,lemon,mango,grapefruit,bean,spoon,blueberry,nectarine,grape,turnip,brussel_sprouts,peas,olive,coconut,cake,lime,tangerine,cherry,currant,pie,orange,peanut,tambourine,nut,cup,marble,ashtray,necklace,bucket,bowl,chestnut,stone,cymbal,coin,frisbee,doorknob,banjo,bin,plate,balloon,ball,bracelet,barrel,button,yoyo,table,grenade,drum,ring,bullet,gong,aspirin,wheel,basin,badge,eye,football,sink,umbrella,hook,cap,clock,dates,,,,,,,,,,,,,,,,,,,,,,,,,,,,,,,,,,,,,,,,,,,,,,,,,,,,,,,,,,,,,,,,,,,,,,,,,,,,,,,,,,,,,,,,,,,,,,,,,,,,,,,,,,,,,,,,,,,,,,,,,,,,,,,,,,
is_used_in_cooking,"High, but possible bias towards food","Yes, possibly better at identifying things that are not food but used in cooking",cauliflower,courgette,parsley,onion,garlic,cabbage,broccoli,artichoke,sweet_potato,rhubarb,leek,potato,tomato,spinach,aubergine,bean,bacon,flour,mushroom,prawn,scallop,lobster,rice,turnip,butter,ham,coconut,spatula,oven,lime,corn,strainer,blender,carrot,microwave,pie,mussel,tongs,stove,toaster,knife,apron,whisk,,,,,,,,,,,,,,,,,,,,,,,,,,,,,,,,,,,,,,,,,,,,,,,,,,,,,,,,,,,,,,,,,,,,,,,,,,,,,,,,,,,,,,,,,,,,,,,,,,,,,,,,,,,,,,,,,,,,,,,,,,,,,,,,,,,,,,,,,,,,,,,,,,,,,,,,,,,,,,,,
has_a_seat_seats,Medium to high – possibly biased towards vehicles,"Unlikely, but possible association with ‘sitting’",bicycle,tricycle,wheelchair,trolley,moped,car,bus,unicycle,buggy,rocking_chair,kayak,carriage,train,sledge,speedboat,limousine,deckchair,stool,toilet,chair,armchair,porsche,rolls_royce,bench,throne,swing,coach,,,,,,,,,,,,,,,,,,,,,,,,,,,,,,,,,,,,,,,,,,,,,,,,,,,,,,,,,,,,,,,,,,,,,,,,,,,,,,,,,,,,,,,,,,,,,,,,,,,,,,,,,,,,,,,,,,,,,,,,,,,,,,,,,,,,,,,,,,,,,,,,,,,,,,,,,,,,,,,,,,,,,,,,,,,,,,,,
is_a_vehicle,High,"Yes – category, used for very similar things",van,truck,car,bus,jeep,moped,motorcycle,tractor,lorry,bicycle,taxi,caravan,limousine,ambulance,unicycle,tank,submarine,coach,,,,,,,,,,,,,,,,,,,,,,,,,,,,,,,,,,,,,,,,,,,,,,,,,,,,,,,,,,,,,,,,,,,,,,,,,,,,,,,,,,,,,,,,,,,,,,,,,,,,,,,,,,,,,,,,,,,,,,,,,,,,,,,,,,,,,,,,,,,,,,,,,,,,,,,,,,,,,,,,,,,,,,,,,,,,,,,,,,,,,,,,,
is_small,Low,No,frog,rabbit,lizard,squirrel,wasp,spider,scorpion,robin,satsuma,dragonfly,ladybird,radish,snail,cockroach,caterpillar,grasshopper,ant,budgie,wren,hummingbird,beetle,hedgehog,skunk,seahorse,chipmunk,crayfish,housefly,tomato,sparrow,goldfish,millipede,porcupine,kingfisher,brussel_sprouts,prawn,apricot,raccoon,woodpecker,centipede,starling,blueberry,magpie,buttercup,shrimp,rat,beaver,hamster,garlic,peeler,clam,gherkin,bee,grape,kiwi_fruit,daisy,gerbil,bean,lemon,olive,sultana,partridge,scallop,raspberry,thimble,seashell,raisin,marigold,locust,lamb,worm,nectarine,mosquito,trowel,peas,tangerine,tweezers,herring,doll,pansy,sardine,nightingale,hutch,penknife,minnow,nut,knickers,lime,chestnut,mackerel,mouse,toaster,currant,peanut,cork,ear,guinea_pig,termite,cherry,slug,bag,flannel,bat,flea,rice,cage,needle,kayak,marble,stool,bikini,lipstick,calf,coin,pistol,cup,chisel,scalpel,canary,stone,yoyo,harmonica,pony,screw,bullet,tricycle,pipe,comb,dagger,thermometer,dinghy,grenade,wallet,plum,dice,spanner,ball,moped,peg,houseboat,button,nail,speedboat,pin,drum,camera,aspirin,valium,hatchet,cradle,toe,bolts,ring,tugboat,badge,ibuprofen,whistle,cricket,umbrella,pamphlet,watch,dates,key,,,,,,,,,,,,,,,,,,,,,,,,,,,,,,,,,,,,,,,,,
is_big_large,Low,No,crocodile,alligator,whale,buzzard,elephant,pelican,heron,falcon,buffalo,iguana,hippo,seagull,tortoise,rhino,raven,moose,shark,llama,tiger,gorilla,tarantula,squid,panther,leopard,cow,emu,goose,pumpkin,crane,crane,chandelier,camel,jug,melon,turkey,walrus,octopus,glider,cape,ox,ostrich,horse,tractor,watermelon,bookcase,surfboard,truck,dresser,lion,tuna,hornet,lily,castle,jeep,oak,cannon,sofa,elm,carp,lorry,tugboat,van,sycamore,bear,barge,fridge,piano,sunflower,washing_machine,fir,ship,tuba,harp,rolls_royce,yacht,bag,hawk,oven,bell,cello,organ,trombone,bath,scythe,ferry,cupboard,armchair,bus,caravan,drum,train,tank,rocket,pyramid,rock,barrel,dictionary,gong,seal,table,throne,encyclopaedia,shield,coach,,,,,,,,,,,,,,,,,,,,,,,,,,,,,,,,,,,,,,,,,,,,,,,,,,,,,,,,,,,,,,,,,,,,,,,,,,,,,,,,,,,,,,,,,,,,,,,,,,,
has_a_stalk_stem,Medium to high – plants,No,asparagus,rhubarb,strawberry,tomato,cauliflower,pear,artichoke,celery,parsley,marigold,dandelion,broccoli,daffodil,geranium,lily,fern,apple,brussel_sprouts,pumpkin,orchid,buttercup,tulip,sunflower,daisy,mushroom,aubergine,carnation,hyacinth,pansy,cherry,poppy,carrot,plum,rose,,,,,,,,,,,,,,,,,,,,,,,,,,,,,,,,,,,,,,,,,,,,,,,,,,,,,,,,,,,,,,,,,,,,,,,,,,,,,,,,,,,,,,,,,,,,,,,,,,,,,,,,,,,,,,,,,,,,,,,,,,,,,,,,,,,,,,,,,,,,,,,,,,,,,,,,,,,,,,,,,,,,,,,,,
has_claws,Low – will just return animals,No – these animals are found in very different contexts and behave very differently,owl,alligator,panther,falcon,iguana,raccoon,cat,tiger,leopard,buzzard,cheetah,raven,parakeet,scorpion,crayfish,crab,eagle,lobster,chicken,hawk,bear,canary,,,,,,,,,,,,,,,,,,,,,,,,,,,,,,,,,,,,,,,,,,,,,,,,,,,,,,,,,,,,,,,,,,,,,,,,,,,,,,,,,,,,,,,,,,,,,,,,,,,,,,,,,,,,,,,,,,,,,,,,,,,,,,,,,,,,,,,,,,,,,,,,,,,,,,,,,,,,,,,,,,,,,,,,,,,,,,,,,,,,,
made_of_metal,Low to possibly medium (many tools),"No, metal is not the most relevant feature for the way we use these things. ",screwdriver,spoon,jug,knife,crowbar,chainsaw,wheelbarrow,tray,tripod,doorknob,pistol,spatula,stove,penknife,sword,shovel,ashtray,tambourine,lantern,trowel,bayonet,scissors,harpoon,ladle,machete,tractor,toaster,pliers,washing_machine,tongs,bookcase,bucket,shotgun,typewriter,cannon,rifle,strainer,tweezers,chandelier,boat,colander,spear,peeler,piano,corkscrew,toilet,dishwasher,truck,gun,chisel,fridge,harmonica,arrow,trolley,bicycle,guitar,pram,oven,car,blender,jeep,flute,lamp,van,crossbow,thimble,sledge,crane,syringe,glider,tricycle,razor,unicycle,spade,skateboard,cymbal,stool,speedboat,buggy,fork,revolver,wheelchair,grater,screw,moped,cupboard,necklace,helmet,hammer,lorry,scalpel,wheel,hoe,hutch,grenade,cage,bed,needle,trombone,bullet,bat,spanner,camera,bin,dagger,kettle,deckchair,tuba,carriage,window,projector,pen,scythe,barge,saxophone,harp,bow,houseboat,accordion,bellows,clarinet,bolts,coin,button,harpsichord,drum,coffin,bus,desk,hatchet,tugboat,motorcycle,microwave,ladder,plate,bath,taxi,helicopter,table,pin,french_horn,chair,box,bracelet,train,limousine,basket,hook,dice,trumpet,mirror,bell,rolls_royce,ring,whisk,tank,ship,badge,caravan,submarine,rake,recorder,gate,comb,sink,ferry,yacht,fence,gong,barrel,ambulance,peg,buckle,nail,whistle,bowl,porsche,organ,bridge,bomb,yoyo,rocket,swing,microscope,clock,mop,shield,bench,clamp,umbrella,drill,ruler,throne,basin,watch,club,anchor,chain,radio,saw,coach,television,key
does_smell_is_smelly,Low,No,parsley,garlic,geranium,orchid,lily,daffodil,carnation,onion,eucalyptus,tulip,hyacinth,seaweed,brussel_sprouts,cheese,pine,skunk,cigar,perfume,pansy,coffee,bacon,nail_polish,cigarette,sardine,tobacco,sock,mackerel,ashtray,goat,glue,pipe,bin,rose,foot,,,,,,,,,,,,,,,,,,,,,,,,,,,,,,,,,,,,,,,,,,,,,,,,,,,,,,,,,,,,,,,,,,,,,,,,,,,,,,,,,,,,,,,,,,,,,,,,,,,,,,,,,,,,,,,,,,,,,,,,,,,,,,,,,,,,,,,,,,,,,,,,,,,,,,,,,,,,,,,,,,,,,,,,,
is_tasty,High (food),"No, simply learns food (i.e. is_eaten)",asparagus,strawberry,pear,potato,sweet_potato,melon,mango,rhubarb,blueberry,avocado,broccoli,cucumber,pineapple,cabbage,apricot,onion,artichoke,peach,watermelon,apple,parsley,brussel_sprouts,cheese,spinach,grape,shrimp,banana,nectarine,soup,satsuma,bean,peas,grapefruit,prawn,raisin,raspberry,leek,kiwi_fruit,chicken,crab,mayonnaise,chocolate,mushroom,lobster,scallop,tuna,coconut,biscuit,bacon,lamb,yoghurt,aubergine,olive,jelly,ice_cream,ketchup,oyster,sultana,peanut,currant,sugar,ham,mussel,tangerine,bread,sandwich,milk,salmon,cake,wine,pie,cherry,mackerel,crayfish,carrot,butter,coffee,lemonade,cod,tea,orange,chestnut,nut,plum,champagne,jam,dates,,,,,,,,,,,,,,,,,,,,,,,,,,,,,,,,,,,,,,,,,,,,,,,,,,,,,,,,,,,,,,,,,,,,,,,,,,,,,,,,,,,,,,,,,,,,,,,,,,,,,,,,,,,,,,,,,,,,
has_fur_hair,high (animals),"No, learns animals, not fur",rabbit,squirrel,cat,fox,monkey,goat,otter,raccoon,llama,gorilla,tiger,wolf,dog,panther,beaver,leopard,hyena,moose,skunk,cheetah,rat,chipmunk,spider,kangaroo,buffalo,hamster,donkey,cow,deer,tarantula,gerbil,lion,caterpillar,camel,platypus,moth,guinea_pig,bear,horse,bee,ox,calf,mouse,pony,bat,coconut,seal,,,,,,,,,,,,,,,,,,,,,,,,,,,,,,,,,,,,,,,,,,,,,,,,,,,,,,,,,,,,,,,,,,,,,,,,,,,,,,,,,,,,,,,,,,,,,,,,,,,,,,,,,,,,,,,,,,,,,,,,,,,,,,,,,,,,,,,,,,,,,,,,,,,,,,,,,,,,
is_found_in_seas,"high, but possibly problematic in polysemous cases – may be biased towards seafood","Yes, may also work for polysemous words if there is some association with water – test if a classifier recognizes things that are usually not eaten but found in seas (we could perhaps use the WordNet hierarchy for for this)",crab,squid,lobster,whale,herring,scallop,tuna,shrimp,dolphin,salmon,cod,eel,prawn,mussel,oyster,mackerel,jellyfish,clam,turtle,shark,crayfish,flounder,seaweed,seahorse,pelican,sardine,seagull,octopus,walrus,surfboard,tugboat,seashell,ship,seal,anchor,,,,,,,,,,,,,,,,,,,,,,,,,,,,,,,,,,,,,,,,,,,,,,,,,,,,,,,,,,,,,,,,,,,,,,,,,,,,,,,,,,,,,,,,,,,,,,,,,,,,,,,,,,,,,,,,,,,,,,,,,,,,,,,,,,,,,,,,,,,,,,,,,,,,,,,,,,,,,,,,,,,,,,,,
is_expensive,Low,"No (other aspects are more defining) what might be picked up are certain luxury items co-occurring in similar contexts (e.g. lobster, champagne, yacht, wine, cigar)",lobster,chandelier,speedboat,car,wine,asparagus,yacht,cigar,limousine,necklace,champagne,perfume,scallop,oyster,taxi,blueberry,bouquet,porsche,camera,helicopter,rolls_royce,shoes,dishwasher,ring,train,harp,throne,television,watch,,,,,,,,,,,,,,,,,,,,,,,,,,,,,,,,,,,,,,,,,,,,,,,,,,,,,,,,,,,,,,,,,,,,,,,,,,,,,,,,,,,,,,,,,,,,,,,,,,,,,,,,,,,,,,,,,,,,,,,,,,,,,,,,,,,,,,,,,,,,,,,,,,,,,,,,,,,,,,,,,,,,,,,,,,,,,,
is_a_weapon,High,"Yes, largely defined by function.",pistol,rifle,knife,gun,shotgun,machete,sword,crossbow,revolver,bayonet,arrow,crowbar,harpoon,spear,grenade,cannon,dagger,hatchet,bow,boomerang,bomb,whip,catapault,club,,,,,,,,,,,,,,,,,,,,,,,,,,,,,,,,,,,,,,,,,,,,,,,,,,,,,,,,,,,,,,,,,,,,,,,,,,,,,,,,,,,,,,,,,,,,,,,,,,,,,,,,,,,,,,,,,,,,,,,,,,,,,,,,,,,,,,,,,,,,,,,,,,,,,,,,,,,,,,,,,,,,,,,,,,,,,,,,,,,
is_eaten_edible,High,Yes,asparagus,tomato,cauliflower,potato,cabbage,celery,sweet_potato,melon,strawberry,pear,broccoli,courgette,rhubarb,blueberry,radish,cucumber,artichoke,onion,avocado,pineapple,brussel_sprouts,garlic,watermelon,apricot,parsley,lettuce,shrimp,apple,pumpkin,spinach,peach,leek,prawn,satsuma,crab,chicken,peas,mushroom,banana,lobster,cheese,grape,bean,scallop,soup,nectarine,lemon,tuna,grapefruit,kiwi_fruit,lamb,raisin,raspberry,mayonnaise,seaweed,turkey,oyster,dandelion,mussel,aubergine,rice,bacon,turnip,olive,coconut,clam,jelly,salmon,sultana,crayfish,squid,biscuit,gherkin,chocolate,eel,peanut,corn,yoghurt,mackerel,herring,ketchup,ham,currant,pig,tangerine,ice_cream,rabbit,carrot,sandwich,bread,cod,trout,sugar,pie,sardine,cake,cherry,snail,eucalyptus,butter,chestnut,partridge,caterpillar,prune,orange,duck,goose,nut,octopus,sheep,cow,plum,carp,worm,calf,guinea_pig,jam,dates,,,,,,,,,,,,,,,,,,,,,,,,,,,,,,,,,,,,,,,,,,,,,,,,,,,,,,,,,,,,,,,,,,,,,,,,,,,,,,,,,,,,,
is_brown,Low,No,toad,buzzard,fox,otter,robin,monkey,porcupine,beaver,moth,potato,wren,cockroach,sparrow,buffalo,llama,hedgehog,sweet_potato,starling,chipmunk,giraffe,moose,cow,locust,deer,kangaroo,sunflower,raisin,coconut,onion,kiwi_fruit,camel,peanut,centipede,sultana,seaweed,platypus,rice,ox,chocolate,chestnut,walrus,pine,nut,nightingale,brandy,lion,worm,termite,bear,calf,sugar,flour,bread,hawk,coffee,cork,tea,beer,cigar,slug,hair,tobacco,satchel,rope,stick,pipe,eye,envelope,dates,,,,,,,,,,,,,,,,,,,,,,,,,,,,,,,,,,,,,,,,,,,,,,,,,,,,,,,,,,,,,,,,,,,,,,,,,,,,,,,,,,,,,,,,,,,,,,,,,,,,,,,,,,,,,,,,,,,,,,,,,,,,,,,,,,,,,,
made_of_fabric_cloth_material,Medium (high for clothes),Probably learns clothes-category. Fabric does not seem relevant for function/interaction,scarf,jacket,sweater,trousers,robe,dress,blouse,shirt,knickers,dressing_gown,jeans,cape,shawl,coat,bra,sandals,parka,leotard,slippers,pillow,shoes,sock,gown,flannel,skirt,apron,stockings,gloves,flip_flops,bikini,satchel,sofa,earmuffs,mittens,bag,swimsuit,mask,veil,doll,deckchair,cloak,pram,belt,napkin,wallet,badge,mat,armchair,kite,tent,wheelchair,suit,umbrella,buggy,cap,glider,puppet,mop,bagpipes,cushion,,,,,,,,,,,,,,,,,,,,,,,,,,,,,,,,,,,,,,,,,,,,,,,,,,,,,,,,,,,,,,,,,,,,,,,,,,,,,,,,,,,,,,,,,,,,,,,,,,,,,,,,,,,,,,,,,,,,,,,,,,,,,,,,,,,,,,,,,,,,,,,
is_pink,Low,No,peach,rhubarb,watermelon,radish,raspberry,grapefruit,shrimp,prawn,geranium,orchid,pig,carnation,bacon,salmon,flamingo,ham,lipstick,worm,tongue,lips,rose,,,,,,,,,,,,,,,,,,,,,,,,,,,,,,,,,,,,,,,,,,,,,,,,,,,,,,,,,,,,,,,,,,,,,,,,,,,,,,,,,,,,,,,,,,,,,,,,,,,,,,,,,,,,,,,,,,,,,,,,,,,,,,,,,,,,,,,,,,,,,,,,,,,,,,,,,,,,,,,,,,,,,,,,,,,,,,,,,,,,,,
is_pretty_attractive_beautiful,Low,No,lily,orchid,tulip,geranium,daffodil,marigold,carnation,dragonfly,buttercup,hummingbird,hyacinth,peacock,necklace,kingfisher,seahorse,seashell,butterfly,sunflower,chandelier,swan,bouquet,gown,pansy,dress,poppy,bracelet,nail_polish,marble,harp,violin,tiger,rose,,,,,,,,,,,,,,,,,,,,,,,,,,,,,,,,,,,,,,,,,,,,,,,,,,,,,,,,,,,,,,,,,,,,,,,,,,,,,,,,,,,,,,,,,,,,,,,,,,,,,,,,,,,,,,,,,,,,,,,,,,,,,,,,,,,,,,,,,,,,,,,,,,,,,,,,,,,,,,,,,,,,,,,,,,,
is_found_in_kitchens,High,Yes,oven,colander,strainer,spatula,fridge,tray,blender,stove,ladle,toaster,dishwasher,jug,tongs,microwave,peeler,washing_machine,grater,cupboard,kettle,apron,whisk,corkscrew,bowl,mug,plate,sink,,,,,,,,,,,,,,,,,,,,,,,,,,,,,,,,,,,,,,,,,,,,,,,,,,,,,,,,,,,,,,,,,,,,,,,,,,,,,,,,,,,,,,,,,,,,,,,,,,,,,,,,,,,,,,,,,,,,,,,,,,,,,,,,,,,,,,,,,,,,,,,,,,,,,,,,,,,,,,,,,,,,,,,,,,,,,,,,,
has_pips_seeds,High,"No, seeds are not highly relevant for what we do with fruits. Probably learns a fruit category.",melon,strawberry,pear,tomato,cucumber,grapefruit,apple,watermelon,grape,lemon,courgette,raspberry,satsuma,kiwi_fruit,pumpkin,tangerine,aubergine,lime,orange,corn,,,,,,,,,,,,,,,,,,,,,,,,,,,,,,,,,,,,,,,,,,,,,,,,,,,,,,,,,,,,,,,,,,,,,,,,,,,,,,,,,,,,,,,,,,,,,,,,,,,,,,,,,,,,,,,,,,,,,,,,,,,,,,,,,,,,,,,,,,,,,,,,,,,,,,,,,,,,,,,,,,,,,,,,,,,,,,,,,,,,,,,
is_sweet,"Medium (fruit, other sweet food, pobably close in the space)","No, probably learns some sort of food category. Possibly indicative: typical desert food, but this wouldn’t cover everything",strawberry,pear,apricot,peach,blueberry,melon,mango,apple,rhubarb,tomato,pineapple,nectarine,raspberry,watermelon,sweet_potato,grape,satsuma,grapefruit,raisin,chocolate,kiwi_fruit,currant,peas,biscuit,tangerine,cherry,ice_cream,cider,sultana,jelly,sugar,ketchup,cake,lemonade,pie,orange,prune,chestnut,plum,jam,dates,,,,,,,,,,,,,,,,,,,,,,,,,,,,,,,,,,,,,,,,,,,,,,,,,,,,,,,,,,,,,,,,,,,,,,,,,,,,,,,,,,,,,,,,,,,,,,,,,,,,,,,,,,,,,,,,,,,,,,,,,,,,,,,,,,,,,,,,,,,,,,,,,,,,,,,,,,,,,,,,,,
made_of_plastic,Low,"No, not relevant for most things",spoon,screwdriver,jug,tray,broom,spatula,jar,sellotape,knife,doorknob,wheelbarrow,bottle,bag,colander,toaster,fridge,penknife,ashtray,washing_machine,trowel,scissors,strainer,wand,tongs,shovel,pliers,tripod,bucket,chainsaw,ladle,hose,blender,toilet,bookcase,thimble,dishwasher,surfboard,corkscrew,peeler,pistol,canoe,apron,pram,typewriter,cupboard,syringe,razor,machete,wallet,skateboard,lamp,dinghy,kayak,skis,rollerskate,frisbee,helmet,stool,sledge,fork,deckchair,kite,cup,kettle,goggles,bin,mug,doll,pen,spade,shoes,bat,buggy,sandals,camera,harmonica,tricycle,wheel,bath,microwave,button,ball,window,desk,projector,mask,box,earmuffs,speedboat,moped,bracelet,boomerang,brush,balloon,table,plate,bow,tent,comb,chair,whisk,basket,sink,dice,flip_flops,badge,cradle,bowl,hook,ring,yoyo,peg,clarinet,whip,mop,recorder,fence,raft,motorcycle,microscope,shield,whistle,umbrella,clock,caravan,swing,bench,rattle,watch,ruler,drill,basin,telephone,football,radio,television,,,,,,,,,,,,,,,,,,,,,,,,,,,,,,,,,,,,,,,,,,,,,,,,,,,,,,,,,,,,,,,,,,,
is_dangerous,Medium (weapons and animals are probably not very close in the space),"Yes, occur in similar contexts of threat/crime/danger/injury/death. Exceptions: things used for sports – they will have other, more defining properties",machete,knife,pistol,crossbow,rifle,chainsaw,sword,gun,crocodile,rattlesnake,alligator,shotgun,penknife,scorpion,crowbar,harpoon,spear,arrow,bayonet,bullet,scissors,grenade,cannon,revolver,shark,tiger,razor,scythe,panther,dagger,hornet,hatchet,rhino,hippo,wolf,skateboard,mosquito,jellyfish,poison,bow,motorcycle,lion,rollerskate,bomb,bee,blender,catapault,tank,ladder,valium,ibuprofen,saw,club,,,,,,,,,,,,,,,,,,,,,,,,,,,,,,,,,,,,,,,,,,,,,,,,,,,,,,,,,,,,,,,,,,,,,,,,,,,,,,,,,,,,,,,,,,,,,,,,,,,,,,,,,,,,,,,,,,,,,,,,,,,,,,,,,,,,,,,,,,,,,,,,,,,,,,
is_sharp,High,Yes (used for similar things),knife,scissors,machete,penknife,scalpel,chainsaw,razor,chisel,sword,bayonet,spear,tweezers,peeler,trowel,scythe,harpoon,needle,hatchet,arrow,pencil,dagger,hoe,fork,grater,syringe,screw,nail,pin,rake,hook,saw,,,,,,,,,,,,,,,,,,,,,,,,,,,,,,,,,,,,,,,,,,,,,,,,,,,,,,,,,,,,,,,,,,,,,,,,,,,,,,,,,,,,,,,,,,,,,,,,,,,,,,,,,,,,,,,,,,,,,,,,,,,,,,,,,,,,,,,,,,,,,,,,,,,,,,,,,,,,,,,,,,,,,,,,,,,,
has_a_blade_blades,High,Yes (used for similar things),knife,machete,penknife,scissors,chainsaw,scalpel,sword,razor,shovel,bayonet,chisel,trowel,scythe,hatchet,spade,peeler,hoe,dagger,blender,helicopter,saw,,,,,,,,,,,,,,,,,,,,,,,,,,,,,,,,,,,,,,,,,,,,,,,,,,,,,,,,,,,,,,,,,,,,,,,,,,,,,,,,,,,,,,,,,,,,,,,,,,,,,,,,,,,,,,,,,,,,,,,,,,,,,,,,,,,,,,,,,,,,,,,,,,,,,,,,,,,,,,,,,,,,,,,,,,,,,,,,,,,,,,
is_a_plant,High,Yes,rhubarb,asparagus,marigold,dandelion,fern,parsley,geranium,celery,lily,broccoli,lettuce,moss,daffodil,orchid,buttercup,hyacinth,sunflower,daisy,tulip,brussel_sprouts,eucalyptus,spinach,carnation,seaweed,elm,willow,pansy,corn,tea,tobacco,rose,,,,,,,,,,,,,,,,,,,,,,,,,,,,,,,,,,,,,,,,,,,,,,,,,,,,,,,,,,,,,,,,,,,,,,,,,,,,,,,,,,,,,,,,,,,,,,,,,,,,,,,,,,,,,,,,,,,,,,,,,,,,,,,,,,,,,,,,,,,,,,,,,,,,,,,,,,,,,,,,,,,,,,,,,,,,
is_worn,High,Yes,scarf,jacket,sweater,tights,trousers,dress,blouse,jeans,shirt,robe,knickers,bra,sandals,coat,leotard,cape,shoes,gown,parka,shawl,dressing_gown,boots,skirt,slippers,sock,bikini,necklace,flip_flops,gloves,stockings,wetsuit,swimsuit,goggles,mask,apron,earmuffs,veil,mittens,helmet,bracelet,lipstick,nail_polish,cloak,belt,badge,perfume,suit,rollerskate,ring,cap,poppy,watch,,,,,,,,,,,,,,,,,,,,,,,,,,,,,,,,,,,,,,,,,,,,,,,,,,,,,,,,,,,,,,,,,,,,,,,,,,,,,,,,,,,,,,,,,,,,,,,,,,,,,,,,,,,,,,,,,,,,,,,,,,,,,,,,,,,,,,,,,,,,,,,,,,,,,,,
is_thin,Low,"No, mostly irrelevant",wand,courgette,pencil,scarf,leek,spear,crowbar,asparagus,arrow,celery,flute,rattlesnake,hose,needle,finger,hair,surfboard,stick,skis,centipede,ham,eel,bat,tights,pen,thermometer,bacon,whip,pin,clarinet,worm,veil,cigarette,nail,ruler,recorder,barge,newspaper,,,,,,,,,,,,,,,,,,,,,,,,,,,,,,,,,,,,,,,,,,,,,,,,,,,,,,,,,,,,,,,,,,,,,,,,,,,,,,,,,,,,,,,,,,,,,,,,,,,,,,,,,,,,,,,,,,,,,,,,,,,,,,,,,,,,,,,,,,,,,,,,,,,,,,,,,,,,,,,,,,,,,
is_a_vegetable,high ,Yes (used for similar things),cauliflower,asparagus,cabbage,tomato,celery,broccoli,onion,radish,artichoke,cucumber,lettuce,potato,rhubarb,garlic,courgette,sweet_potato,spinach,brussel_sprouts,leek,peas,avocado,pumpkin,bean,turnip,mushroom,aubergine,corn,gherkin,carrot,,,,,,,,,,,,,,,,,,,,,,,,,,,,,,,,,,,,,,,,,,,,,,,,,,,,,,,,,,,,,,,,,,,,,,,,,,,,,,,,,,,,,,,,,,,,,,,,,,,,,,,,,,,,,,,,,,,,,,,,,,,,,,,,,,,,,,,,,,,,,,,,,,,,,,,,,,,,,,,,,,,,,,,,,,,,,,
does_fly,medium (high for birds),Yes,dragonfly,owl,robin,heron,falcon,kingfisher,sparrow,wren,hummingbird,buzzard,seagull,pelican,starling,pigeon,wasp,raven,swan,moth,woodpecker,magpie,flamingo,ladybird,budgie,housefly,goose,butterfly,hornet,duck,parakeet,nightingale,partridge,mosquito,bee,eagle,locust,hawk,kite,glider,dove,arrow,frisbee,bat,helicopter,canary,crane,boomerang,rocket,,,,,,,,,,,,,,,,,,,,,,,,,,,,,,,,,,,,,,,,,,,,,,,,,,,,,,,,,,,,,,,,,,,,,,,,,,,,,,,,,,,,,,,,,,,,,,,,,,,,,,,,,,,,,,,,,,,,,,,,,,,,,,,,,,,,,,,,,,,,,,,,,,,,,,,,,,,,
is_a_bird,"high, but does most likely not work for crane (polysemy)","Yes, possibly also works for polysemous words (crane), but: are certain dimensions mutually exclusive? How should we imagine this? Is there space for features to exist next to each other or do the dimensions organize themselves in a way that things that usually never correlate can be expressed by different values in the same dimensions? I think we should think of a controlled data manipulation experiment to figure this out. ",heron,owl,robin,falcon,wren,kingfisher,sparrow,pelican,buzzard,swan,seagull,pigeon,raven,starling,hummingbird,goose,flamingo,peacock,woodpecker,magpie,budgie,partridge,cockerel,duck,parakeet,penguin,nightingale,eagle,emu,turkey,hawk,ostrich,chicken,dove,canary,crane,,,,,,,,,,,,,,,,,,,,,,,,,,,,,,,,,,,,,,,,,,,,,,,,,,,,,,,,,,,,,,,,,,,,,,,,,,,,,,,,,,,,,,,,,,,,,,,,,,,,,,,,,,,,,,,,,,,,,,,,,,,,,,,,,,,,,,,,,,,,,,,,,,,,,,,,,,,,,,,,,,,,,,,
has_a_tail,high (only animals),"No, only learns animal category",rabbit,otter,lizard,turtle,squirrel,fox,crocodile,alligator,dolphin,cat,iguana,panther,tiger,whale,tortoise,elephant,pig,monkey,seahorse,raccoon,wolf,beaver,giraffe,zebra,rattlesnake,leopard,shark,buffalo,hyena,dragonfly,goldfish,chipmunk,deer,dog,cheetah,rat,kangaroo,skunk,raven,peacock,scorpion,sparrow,sheep,walrus,trout,lobster,salmon,cow,donkey,hamster,lion,platypus,magpie,lamb,cockerel,herring,shrimp,gerbil,prawn,carp,tuna,partridge,cod,mackerel,minnow,horse,calf,ox,flounder,mouse,pony,kite,canary,,,,,,,,,,,,,,,,,,,,,,,,,,,,,,,,,,,,,,,,,,,,,,,,,,,,,,,,,,,,,,,,,,,,,,,,,,,,,,,,,,,,,,,,,,,,,,,,,,,,,,,,,,,,,,,,,,,,,,,,,,,,,,,,,,
has_four_legs,high for animal category,"No, probably learns animal category",lizard,cat,giraffe,elephant,goat,rhino,llama,fox,pig,otter,tiger,toad,zebra,tortoise,frog,panther,turtle,hippo,dog,wolf,leopard,porcupine,iguana,moose,hyena,raccoon,buffalo,donkey,cow,sheep,deer,skunk,hedgehog,hamster,lion,horse,lamb,guinea_pig,ox,calf,pony,mouse,stool,bed,desk,chair,table,,,,,,,,,,,,,,,,,,,,,,,,,,,,,,,,,,,,,,,,,,,,,,,,,,,,,,,,,,,,,,,,,,,,,,,,,,,,,,,,,,,,,,,,,,,,,,,,,,,,,,,,,,,,,,,,,,,,,,,,,,,,,,,,,,,,,,,,,,,,,,,,,,,,,,,,,,,,
has_roots,high (plants),"yes, learns plants. There is only one non-plan example (hair), which is not enough to learn the specific property)",fern,geranium,dandelion,marigold,lily,birch,sycamore,daffodil,orchid,eucalyptus,tulip,daisy,hyacinth,oak,parsley,elm,pine,willow,fir,leek,sunflower,turnip,pansy,poppy,hair,rose,,,,,,,,,,,,,,,,,,,,,,,,,,,,,,,,,,,,,,,,,,,,,,,,,,,,,,,,,,,,,,,,,,,,,,,,,,,,,,,,,,,,,,,,,,,,,,,,,,,,,,,,,,,,,,,,,,,,,,,,,,,,,,,,,,,,,,,,,,,,,,,,,,,,,,,,,,,,,,,,,,,,,,,,,,,,,,,,,
is_strong,low,no,rope,crane,pliers,crowbar,ox,oak,glue,bolts,arm,bow,brandy,ladder,horse,gorilla,hair,nail,bone,ant,tugboat,gin,castle,bridge,desk,lion,shield,chain,codeine,,,,,,,,,,,,,,,,,,,,,,,,,,,,,,,,,,,,,,,,,,,,,,,,,,,,,,,,,,,,,,,,,,,,,,,,,,,,,,,,,,,,,,,,,,,,,,,,,,,,,,,,,,,,,,,,,,,,,,,,,,,,,,,,,,,,,,,,,,,,,,,,,,,,,,,,,,,,,,,,,,,,,,,,,,,,,,,,
is_an_insect,high,"yes, could pick up typical insect-behaviors (crawl, fly, occur in similar places). Spider should not be included, but based on these behaviors, it probably will be. ",wasp,moth,beetle,spider,caterpillar,ant,dragonfly,cockroach,grasshopper,mosquito,ladybird,scorpion,locust,housefly,hornet,millipede,bee,centipede,termite,butterfly,flea,cricket,,,,,,,,,,,,,,,,,,,,,,,,,,,,,,,,,,,,,,,,,,,,,,,,,,,,,,,,,,,,,,,,,,,,,,,,,,,,,,,,,,,,,,,,,,,,,,,,,,,,,,,,,,,,,,,,,,,,,,,,,,,,,,,,,,,,,,,,,,,,,,,,,,,,,,,,,,,,,,,,,,,,,,,,,,,,,,,,,,,,,
is_tall,low,no,oak,sycamore,elm,birch,pine,fir,willow,eucalyptus,heron,giraffe,crane,crane,bookcase,sunflower,llama,emu,fence,ladder,pyramid,bridge,,,,,,,,,,,,,,,,,,,,,,,,,,,,,,,,,,,,,,,,,,,,,,,,,,,,,,,,,,,,,,,,,,,,,,,,,,,,,,,,,,,,,,,,,,,,,,,,,,,,,,,,,,,,,,,,,,,,,,,,,,,,,,,,,,,,,,,,,,,,,,,,,,,,,,,,,,,,,,,,,,,,,,,,,,,,,,,,,,,,,,,
is_green,low,no,asparagus,tomato,melon,cabbage,celery,cucumber,pear,courgette,broccoli,avocado,rhubarb,artichoke,parsley,pineapple,mango,lettuce,brussel_sprouts,watermelon,leek,fern,apple,grape,banana,kiwi_fruit,peas,spinach,olive,moss,bean,aubergine,seaweed,frog,eucalyptus,toad,lizard,gherkin,lime,caterpillar,iguana,grasshopper,jelly,pine,willow,sycamore,elm,turtle,fir,kingfisher,crocodile,alligator,peacock,tortoise,parka,hose,jeep,cricket,tank,eye,,,,,,,,,,,,,,,,,,,,,,,,,,,,,,,,,,,,,,,,,,,,,,,,,,,,,,,,,,,,,,,,,,,,,,,,,,,,,,,,,,,,,,,,,,,,,,,,,,,,,,,,,,,,,,,,,,,,,,,,,,,,,,,,,,,,,,,,,,,,,,,,,
made_of_cotton,high,"no, learns clothes",scarf,blouse,sweater,jacket,robe,dress,trousers,shirt,shawl,knickers,cape,gown,dressing_gown,skirt,bra,flannel,sock,stockings,pillow,apron,gloves,cloak,suit,cap,cushion,,,,,,,,,,,,,,,,,,,,,,,,,,,,,,,,,,,,,,,,,,,,,,,,,,,,,,,,,,,,,,,,,,,,,,,,,,,,,,,,,,,,,,,,,,,,,,,,,,,,,,,,,,,,,,,,,,,,,,,,,,,,,,,,,,,,,,,,,,,,,,,,,,,,,,,,,,,,,,,,,,,,,,,,,,,,,,,,,,
